scene,config,samosa_mode,run,shoebox_ms,seg_ms,scene_class_ms,rir_ms,audio_ms,client_total_ms,rtt_ms,network_overhead_ms,server_total_ms,srv_seg_ms,srv_mobilenet_ms,srv_scene_ms,srv_rir_ms,srv_shoebox_ms,client_avg_mW,client_peak_mW,client_energy_mJ,client_power_backend,server_avg_mW,server_peak_mW,server_energy_mJ,server_power_backend,t60
bedroom,A,False,0,2.109916000335943,92.15091600344749,0.03629199636634439,4.031707998365164,3.1991669966373593,101.5279989951523,,,,,,,,,3235.4,3235.4,328.5,"macos-ioreg (battery, on-battery only)",,,,,0.2770688227122562
bedroom,A,False,1,11.772000005294103,92.68845799670089,0.042708001274149865,3.8679159988532774,2.0633750027627684,110.43445700488519,,,,,,,,,3235.4,3235.4,357.3,"macos-ioreg (battery, on-battery only)",,,,,0.2770688227122562
bedroom,A,False,2,2.0148339972365648,88.64845799689647,0.03795800148509443,3.6042089996044524,2.337749996513594,96.64320899173617,,,,,,,,,3235.4,3235.4,312.7,"macos-ioreg (battery, on-battery only)",,,,,0.2770688227122562
bedroom,A,False,3,1.947208002093248,89.77387499908218,0.030708994017913938,3.428625001106411,1.658957997278776,96.83937499357853,,,,,,,,,3235.4,3235.4,313.3,"macos-ioreg (battery, on-battery only)",,,,,0.2770688227122562
bedroom,A,False,4,8.551041006285232,89.34462499746587,0.030499999411404133,3.714916994795203,2.187000005505979,103.82808300346369,,,,,,,,,3235.4,3235.4,335.9,"macos-ioreg (battery, on-battery only)",,,,,0.2770688227122562
bedroom,A,True,0,1.004082994768396,18.673833001230378,0.027042005967814475,3.183957996952813,1.7799170018406585,24.66883300076006,,,,,,,,,3235.4,3235.4,79.8,"macos-ioreg (battery, on-battery only)",,,,,0.27769740443066604
bedroom,A,True,1,4.141417004575487,12.584124997374602,0.020459003280848265,2.8757499967468902,1.233000002685003,20.85475100466283,,,,,,,,,3235.4,3235.4,67.5,"macos-ioreg (battery, on-battery only)",,,,,0.27769740443066604
bedroom,A,True,2,1.834082999266684,13.312499999301508,0.02487500023562461,3.2349579996662214,1.505708998593036,19.912124997063074,,,,,,,,,3235.4,3235.4,64.4,"macos-ioreg (battery, on-battery only)",,,,,0.27769740443066604
bedroom,A,True,3,5.913875000260305,13.820082996971905,0.028875001589767635,3.217707999283448,1.472999996622093,24.45354099472752,,,,,,,,,3235.4,3235.4,79.1,"macos-ioreg (battery, on-battery only)",,,,,0.27769740443066604
bedroom,A,True,4,1.8844580044969916,14.356541003508028,0.06166700040921569,3.3219580000150017,1.356542001303751,20.981166009732988,,,,,,,,,3235.4,3235.4,67.9,"macos-ioreg (battery, on-battery only)",,,,,0.27769740443066604
bedroom,B,False,0,2.409583001281135,,0.06949999806238338,7.079457995132543,3.9875830043456517,176.66695800289745,163.12083400407573,49.997549002000596,113.12328500207514,113.12328500207514,,,,,3235.4,3235.4,571.6,"macos-ioreg (battery, on-battery only)",25020.0,25020.0,2830.3,nvidia-smi (GPU),0.2770604967657764
bedroom,B,False,1,3.5672080048243515,,0.040666003769729286,4.479207993426826,2.5947079993784428,106.33024900016608,95.64845899876673,42.54304999994929,53.10540899881744,53.10540899881744,,,,,3235.4,3235.4,344.0,"macos-ioreg (battery, on-battery only)",26570.0,26570.0,1411.0,nvidia-smi (GPU),0.2770604967657764
bedroom,B,False,2,1.8001249991357327,,0.027707996196113527,3.583208002964966,2.7202080018469132,84.73383199452655,76.60258299438283,32.49816899551661,44.10441399886622,44.10441399886622,,,,,3235.4,3235.4,274.2,"macos-ioreg (battery, on-battery only)",28460.0,28460.0,1255.2,nvidia-smi (GPU),0.2770604967657764
bedroom,B,False,3,1.3859579994459637,,0.0362089995178394,4.350333001639228,2.416833995084744,104.93958400184056,96.75025000615278,32.04324900434585,64.70700100180693,64.70700100180693,,,,,3235.4,3235.4,339.5,"macos-ioreg (battery, on-battery only)",29310.0,29310.0,1896.6,nvidia-smi (GPU),0.2770604967657764
bedroom,B,False,4,5.017625000618864,,0.04149999585933983,4.265208001015708,2.900833002058789,108.1976659988868,95.9724999993341,35.06369200113113,60.908807998202974,60.908807998202974,,,,,3235.4,3235.4,350.1,"macos-ioreg (battery, on-battery only)",31960.0,31960.0,1946.6,nvidia-smi (GPU),0.2770604967657764
bedroom,B,True,0,5.135375002282672,,0.06145799852674827,3.9013750065350905,2.361083999858238,96.79583300749073,85.33654100028798,29.946791000838857,55.38974999944912,55.38974999944912,,,,,3235.4,3235.4,313.2,"macos-ioreg (battery, on-battery only)",34870.0,34870.0,1931.4,nvidia-smi (GPU),0.2770604967657764
bedroom,B,True,1,1.235374998941552,,0.030916999094188213,3.8476250047096983,3.0197500018402934,89.15095900738379,81.01729200279806,34.282400003576186,46.73489199922187,46.73489199922187,,,,,3235.4,3235.4,288.4,"macos-ioreg (battery, on-battery only)",36080.0,36080.0,1686.2,nvidia-smi (GPU),0.2770604967657764
bedroom,B,True,2,6.065499997930601,,0.05299999611452222,4.487250000238419,2.514958003303036,117.01024999638321,103.88954199879663,42.07743499864591,61.81210700015072,61.81210700015072,,,,,3235.4,3235.4,378.6,"macos-ioreg (battery, on-battery only)",37130.0,37130.0,2295.1,nvidia-smi (GPU),0.2770604967657764
bedroom,B,True,3,4.675750002206769,,0.03612500586314127,4.191916996205691,2.493292005965486,106.17770900717005,94.78062499692896,32.42425899588852,62.35636600104044,62.35636600104044,,,,,3235.4,3235.4,343.5,"macos-ioreg (battery, on-battery only)",36580.0,36580.0,2281.0,nvidia-smi (GPU),0.2770604967657764
bedroom,B,True,4,4.732082998089027,,0.04329100192990154,4.376416000013705,2.598541999759618,114.92070699750911,103.17037499771686,31.760755999130197,71.40961899858667,71.40961899858667,,,,,3235.4,3235.4,371.8,"macos-ioreg (battery, on-battery only)",36600.0,36600.0,2613.6,nvidia-smi (GPU),0.2770604967657764
bedroom,C,False,0,1.204790998599492,,,,2.8634159971261397,102.82733199710492,98.75912500137929,40.36468699996476,58.39443800141453,55.28942200180609,,0.006708000000799075,3.0983079996076412,,3235.4,3235.4,332.7,"macos-ioreg (battery, on-battery only)",36830.0,36830.0,2150.7,nvidia-smi (GPU),0.2770614290752866
bedroom,C,False,1,1.1937079980270937,,,,3.1652079997002147,95.9145409942721,91.5556249965448,37.32375299659907,54.231871999945724,51.65337300059036,,0.009290997695643455,2.5692080016597174,,3235.4,3235.4,310.3,"macos-ioreg (battery, on-battery only)",36370.0,36370.0,1972.4,nvidia-smi (GPU),0.2770614290752866
bedroom,C,False,2,4.697791999205947,,,,2.7821250041597523,117.45758300821763,109.97766600485193,40.59260100257234,69.38506500227959,66.80417800089344,,0.006410999048966914,2.574476002337178,,3235.4,3235.4,380.0,"macos-ioreg (battery, on-battery only)",36260.0,36260.0,2515.9,nvidia-smi (GPU),0.2770614290752866
bedroom,C,False,3,1.18674999976065,,,,3.3275409950874746,98.99858299468178,94.48429199983366,38.247274002060294,56.237017997773364,53.76716799946735,,0.013045999367022887,2.4568039989389945,,3235.4,3235.4,320.3,"macos-ioreg (battery, on-battery only)",36560.0,36560.0,2056.0,nvidia-smi (GPU),0.2770614290752866
bedroom,C,False,4,4.410499997902662,,,,2.4164999995264225,95.42349999537691,88.59649999794783,40.31932999714627,48.27717000080156,45.965914003318176,,0.006770998879801482,2.3044849986035842,,3235.4,3235.4,308.7,"macos-ioreg (battery, on-battery only)",36610.0,36610.0,1767.4,nvidia-smi (GPU),0.2770614290752866
bedroom,C,True,0,5.380290996981785,,,,2.121500001521781,102.08504099864513,94.58325000014156,37.491762999707134,57.09148700043443,54.79683600060525,,0.006276000931393355,2.2883749988977797,,3235.4,3235.4,330.3,"macos-ioreg (battery, on-battery only)",36580.0,36580.0,2088.4,nvidia-smi (GPU),0.2770614290752866
bedroom,C,True,1,1.3220830005593598,,,,3.1937079984345473,100.28874999989057,95.77295900089666,46.97483500058297,48.79812400031369,46.44985499908216,,0.007601000106660649,2.340668001124868,,3235.4,3235.4,324.5,"macos-ioreg (battery, on-battery only)",36790.0,36790.0,1795.3,nvidia-smi (GPU),0.2770614290752866
bedroom,C,True,2,4.587209004967008,,,,3.3651670019025914,106.90908400283661,98.95670799596701,28.449694993469166,70.50701300249784,67.73764399986248,,0.007860002369852737,2.761509000265505,,3235.4,3235.4,345.9,"macos-ioreg (battery, on-battery only)",37300.0,37300.0,2629.9,nvidia-smi (GPU),0.2770614290752866
bedroom,C,True,3,4.4782920012949035,,,,3.165917005389929,125.41025100654224,117.7660419998574,41.514042000926565,76.25199999893084,73.56813699880149,,0.006607999239349738,2.67725500089,,3235.4,3235.4,405.8,"macos-ioreg (battery, on-battery only)",36830.0,36830.0,2808.4,nvidia-smi (GPU),0.2770614290752866
bedroom,C,True,4,1.244667000719346,,,,2.7750410008593462,103.73400000389665,99.71429200231796,42.20643000371638,57.507861998601584,54.99610799961374,,0.006651000148849562,2.505102998838993,,3235.4,3235.4,335.6,"macos-ioreg (battery, on-battery only)",36790.0,36790.0,2115.7,nvidia-smi (GPU),0.2770614290752866
bedroom,D,False,0,,,,,2.9344170034164563,116.33491700922605,113.40050000580959,32.95148700999562,80.44901299581397,75.07163899936131,,0.006324997229967266,2.534981998906005,2.836067000316689,3235.4,3235.4,376.4,"macos-ioreg (battery, on-battery only)",33540.0,33540.0,2698.3,nvidia-smi (GPU),0.2770614290752866
bedroom,D,False,1,,,,,2.528749995690305,111.524832995201,108.99608299951069,40.18544800055679,68.8106349989539,62.53001599907293,,0.006917998689459637,2.6039740005217027,3.669727000669809,3235.4,3235.4,360.8,"macos-ioreg (battery, on-battery only)",34000.0,34000.0,2339.6,nvidia-smi (GPU),0.2770614290752866
bedroom,D,False,2,,,,,3.5395409940974787,110.3381249922677,106.79858399817022,30.139187001623213,76.659396996547,72.80197100044461,,0.005213998520048335,2.803123999910895,1.0490879976714496,3235.4,3235.4,357.0,"macos-ioreg (battery, on-battery only)",34060.0,34060.0,2611.0,nvidia-smi (GPU),0.2770614290752866
bedroom,D,False,3,,,,,2.9834999950253405,108.89816599228652,105.91466599726118,39.845270992373116,66.06939500488807,61.92736500088358,,0.009694002073956653,3.154058002110105,0.9782779998204205,3235.4,3235.4,352.3,"macos-ioreg (battery, on-battery only)",34710.0,34710.0,2293.3,nvidia-smi (GPU),0.2770614290752866
bedroom,D,False,4,,,,,3.7182919986662455,124.31875100446632,120.60045900580008,40.97951200674288,79.6209469990572,70.67161899976782,,0.008760001946939155,4.871503999311244,4.069063998031197,3235.4,3235.4,402.2,"macos-ioreg (battery, on-battery only)",35320.0,35320.0,2812.2,nvidia-smi (GPU),0.2770614290752866
bedroom,D,True,0,,,,,2.6914580012089573,89.3590000050608,86.66754200385185,34.864297002059175,51.803245001792675,47.605186999135185,,0.006774000212317333,2.551726000092458,1.6395580023527145,3235.4,3235.4,289.1,"macos-ioreg (battery, on-battery only)",36270.0,36270.0,1878.9,nvidia-smi (GPU),0.2770614290752866
bedroom,D,True,1,,,,,2.548249998653773,92.5135829966166,89.96533299796283,37.29015400313074,52.675178994832095,47.22818200025358,,0.01264899765374139,3.2558219972997904,2.1785259996249806,3235.4,3235.4,299.3,"macos-ioreg (battery, on-battery only)",36240.0,36240.0,1908.9,nvidia-smi (GPU),0.2770614290752866
bedroom,D,True,2,,,,,4.669041998567991,165.2587919961661,160.58974999759812,43.72680499727721,116.8629450003209,111.3965750009811,,0.009425999451195821,4.063464999489952,1.3934790003986564,3235.4,3235.4,534.7,"macos-ioreg (battery, on-battery only)",36620.0,36620.0,4279.5,nvidia-smi (GPU),0.2770614290752866
bedroom,D,True,3,,,,,3.3464169973740354,129.75483299669577,126.40841599932173,48.322442002245225,78.08597399707651,71.93355599883944,,0.009520001185592264,4.396301999804564,1.7465959972469136,3235.4,3235.4,419.8,"macos-ioreg (battery, on-battery only)",35740.0,35740.0,2790.8,nvidia-smi (GPU),0.2770614290752866
bedroom,D,True,4,,,,,2.6765829970827326,77.27308299945435,74.59650000237161,32.36874800131773,42.22775200105389,38.34844200173393,,0.008338000043295324,3.161571999953594,0.7093999993230682,3235.4,3235.4,250.0,"macos-ioreg (battery, on-battery only)",35470.0,35470.0,1497.8,nvidia-smi (GPU),0.2770614290752866
cathedral,A,False,0,2.1562920010183007,91.12279200053308,0.01966700074262917,12.507917002949398,5.0792090041795745,110.88587700942298,,,,,,,,,3235.4,3235.4,358.8,"macos-ioreg (battery, on-battery only)",,,,,6.342522351346589
cathedral,A,False,1,1.3871250048396178,94.14545899926452,0.029416994948405772,12.256708003405947,5.5010420037433505,113.31975100620184,,,,,,,,,3235.4,3235.4,366.6,"macos-ioreg (battery, on-battery only)",,,,,6.342522351346589
cathedral,A,False,2,2.5611249948269688,90.55850000004284,0.018165999790653586,12.350582997896709,6.340415995509829,111.828789988067,,,,,,,,,3235.4,3235.4,361.8,"macos-ioreg (battery, on-battery only)",,,,,6.342522351346589
cathedral,A,False,3,8.030459001020063,92.78370899846777,0.016999998479150236,12.153542003943585,5.9229999969829805,118.90770999889355,,,,,,,,,3235.4,3235.4,384.7,"macos-ioreg (battery, on-battery only)",,,,,6.342522351346589
cathedral,A,False,4,2.387874999840278,93.1375840009423,0.020459003280848265,12.66337499691872,5.897707997064572,114.10700099804671,,,,,,,,,3235.4,3235.4,369.2,"macos-ioreg (battery, on-battery only)",,,,,6.342522351346589
cathedral,A,True,0,2.307165996171534,13.101917000312824,0.039375001506414264,10.321082998416387,3.841917001409456,29.611457997816615,,,,,,,,,3235.4,3235.4,95.8,"macos-ioreg (battery, on-battery only)",,,,,6.342522351346589
cathedral,A,True,1,1.713167002890259,12.76954200147884,0.04704200546257198,10.669916999177076,3.589624997403007,28.789293006411754,,,,,,,,,3235.4,3235.4,93.1,"macos-ioreg (battery, on-battery only)",,,,,6.342522351346589
cathedral,A,True,2,1.9252499987487681,14.39158300490817,0.0428749990533106,10.165540996240452,5.377667002903763,31.902916001854464,,,,,,,,,3235.4,3235.4,103.2,"macos-ioreg (battery, on-battery only)",,,,,6.342522351346589
cathedral,A,True,3,1.582665994646959,12.856959001510404,0.037333004001993686,10.644792004313786,4.761750002217013,29.883500006690156,,,,,,,,,3235.4,3235.4,96.7,"macos-ioreg (battery, on-battery only)",,,,,6.342522351346589
cathedral,A,True,4,1.5301670064218342,12.352375000773463,0.019958002667408437,10.657708000508137,3.5789169996860437,28.139125010056887,,,,,,,,,3235.4,3235.4,91.0,"macos-ioreg (battery, on-battery only)",,,,,6.342522351346589
cathedral,B,False,0,1.9812919999822043,,0.02966700412798673,13.886542001273483,5.476999998791143,101.46525100572035,80.09075000154553,34.13379100311431,45.95695899843122,45.95695899843122,,,,,3235.4,3235.4,328.3,"macos-ioreg (battery, on-battery only)",32000.0,32000.0,1470.6,nvidia-smi (GPU),6.342501098064728
cathedral,B,False,1,1.1142500006826594,,0.03858299896819517,17.858125000202563,7.006624997302424,146.851498997421,120.83391600026516,40.40462700140779,80.42928899885737,80.42928899885737,,,,,3235.4,3235.4,475.1,"macos-ioreg (battery, on-battery only)",32520.0,32520.0,2615.6,nvidia-smi (GPU),6.342501098064728
cathedral,B,False,2,1.3739170026383363,,0.036584002373274416,17.910374997882172,7.786874994053505,147.59075099573238,120.48299999878509,50.010276998364134,70.47272300042096,70.47272300042096,,,,,3235.4,3235.4,477.5,"macos-ioreg (battery, on-battery only)",33180.0,33180.0,2338.3,nvidia-smi (GPU),6.342501098064728
cathedral,B,False,3,1.189582995721139,,0.06962499901419505,23.97995900537353,10.564542004431132,189.33645900688134,153.53275000234134,43.991265003569424,109.54148499877192,109.54148499877192,,,,,3235.4,3235.4,612.6,"macos-ioreg (battery, on-battery only)",33510.0,33510.0,3670.7,nvidia-smi (GPU),6.342501098064728
cathedral,B,False,4,2.65791700076079,,0.03754199860850349,15.079999997396953,6.175874994369224,119.73791699711,95.78658300597453,36.961120007617865,58.82546299835667,58.82546299835667,,,,,3235.4,3235.4,387.4,"macos-ioreg (battery, on-battery only)",33640.0,33640.0,1978.9,nvidia-smi (GPU),6.342501098064728
cathedral,B,True,0,5.7186669946531765,,0.0487080033053644,16.142499996931292,6.25295899953926,133.43262598937145,105.26979199494235,43.33329899600358,61.936492998938775,61.936492998938775,,,,,3235.4,3235.4,431.7,"macos-ioreg (battery, on-battery only)",35150.0,35150.0,2177.1,nvidia-smi (GPU),6.342501098064728
cathedral,B,True,1,1.4855829940643162,,0.04245799937052652,16.696250000677537,6.478750001406297,136.61049899383215,111.90745799831348,47.846925001067575,64.0605329972459,64.0605329972459,,,,,3235.4,3235.4,442.0,"macos-ioreg (battery, on-battery only)",35270.0,35270.0,2259.4,nvidia-smi (GPU),6.342501098064728
cathedral,B,True,2,5.00083299994003,,0.07183299749158323,21.212208004726563,7.213833996502217,170.26533299940638,136.766625000746,45.00887400354259,91.7577509972034,91.7577509972034,,,,,3235.4,3235.4,550.9,"macos-ioreg (battery, on-battery only)",35440.0,35440.0,3251.9,nvidia-smi (GPU),6.342501098064728
cathedral,B,True,3,1.5427079997607507,,0.08387499838136137,16.265582999039907,6.3582090006093495,125.7002080019447,101.44983300415333,34.79794000304537,66.65189300110796,66.65189300110796,,,,,3235.4,3235.4,406.7,"macos-ioreg (battery, on-battery only)",36280.0,36280.0,2418.1,nvidia-smi (GPU),6.342501098064728
cathedral,B,True,4,1.511583999672439,,0.03633300366345793,16.79958299791906,5.5871250006021,136.68000000325264,112.74537500139559,44.81765899981838,67.92771600157721,67.92771600157721,,,,,3235.4,3235.4,442.2,"macos-ioreg (battery, on-battery only)",36420.0,36420.0,2473.9,nvidia-smi (GPU),6.342501098064728
cathedral,C,False,0,5.127917000208981,,,,5.992792001052294,123.5060010003508,112.38529199908953,54.24106899954495,58.14422299954458,48.96399599965662,,0.0064779997046571225,9.173749000183307,,3235.4,3235.4,399.6,"macos-ioreg (battery, on-battery only)",36410.0,36410.0,2117.0,nvidia-smi (GPU),6.342500746728771
cathedral,C,False,1,4.97591699968325,,,,6.67170800443273,148.6430410077446,136.99541600362863,55.496452001534635,81.498964002094,73.81444400016335,,0.006322999979602173,7.678197001951048,,3235.4,3235.4,480.9,"macos-ioreg (battery, on-battery only)",36090.0,36090.0,2941.3,nvidia-smi (GPU),6.342500746728771
cathedral,C,False,2,1.2576669978443533,,,,7.129666999389883,133.78733399440534,125.39999999717111,62.23056499584345,63.169435001327656,55.24681400129339,,0.006922000466147438,7.9156989995681215,,3235.4,3235.4,432.9,"macos-ioreg (battery, on-battery only)",36520.0,36520.0,2306.9,nvidia-smi (GPU),6.342500746728771
cathedral,C,False,3,1.1820830040960573,,,,6.605124995985534,153.2791659992654,145.4919579991838,65.71236899617361,79.77958900301019,67.0806870002707,,0.012650001735892147,12.686252001003595,,3235.4,3235.4,495.9,"macos-ioreg (battery, on-battery only)",35940.0,35940.0,2867.3,nvidia-smi (GPU),6.342500746728771
cathedral,C,False,4,1.41937500302447,,,,7.343500001297798,141.1102500060224,132.34737500170013,56.39254500056268,75.95483000113745,67.44364100086386,,0.0058490004448685795,8.50533999982872,,3235.4,3235.4,456.6,"macos-ioreg (battery, on-battery only)",35750.0,35750.0,2715.4,nvidia-smi (GPU),6.342500746728771
cathedral,C,True,0,1.0811669999384321,,,,9.145959003944881,198.21500100806588,187.98787500418257,69.7741380026855,118.21373700149707,109.99608099882607,,0.0060300008044578135,8.211626001866534,,3235.4,3235.4,641.3,"macos-ioreg (battery, on-battery only)",36150.0,36150.0,4273.4,nvidia-smi (GPU),6.342500746728771
cathedral,C,True,1,1.5482089947909117,,,,6.780416995752603,136.00275098724524,127.67412499670172,60.55706199549604,67.11706300120568,58.65610600085347,,0.00701400131219998,8.45394299904001,,3235.4,3235.4,440.0,"macos-ioreg (battery, on-battery only)",35110.0,35110.0,2356.5,nvidia-smi (GPU),6.342500746728771
cathedral,C,True,2,1.1799159983638674,,,,6.217250003828667,134.82112400379265,127.42395800160011,56.001735996687785,71.42222200491233,63.61435399958282,,0.006345002475427464,7.801523002854083,,3235.4,3235.4,436.2,"macos-ioreg (battery, on-battery only)",35220.0,35220.0,2515.5,nvidia-smi (GPU),6.342500746728771
cathedral,C,True,3,4.010999997262843,,,,6.847750002634712,142.79762499791104,131.9388749980135,60.51035299242358,71.42852200558991,62.896540002839174,,0.011176001862622797,8.520806000888115,,3235.4,3235.4,462.0,"macos-ioreg (battery, on-battery only)",35580.0,35580.0,2541.4,nvidia-smi (GPU),6.342500746728771
cathedral,C,True,4,3.958708002755884,,,,6.282166999881156,136.21837500249967,125.97749999986263,51.927455999248195,74.05004400061443,63.856114000373054,,0.005571000656345859,10.188358999585034,,3235.4,3235.4,440.7,"macos-ioreg (battery, on-battery only)",35740.0,35740.0,2646.5,nvidia-smi (GPU),6.342500746728771
cathedral,D,False,0,,,,,6.699709003441967,145.3392499970505,138.63954099360853,60.10523899385589,78.53430199975264,69.39920800141408,,0.006288999429671094,7.755550999718253,1.3732539991906378,3235.4,3235.4,470.2,"macos-ioreg (battery, on-battery only)",36800.0,36800.0,2890.1,nvidia-smi (GPU),6.342500746728771
cathedral,D,False,1,,,,,7.082957999955397,152.52895800222177,145.44600000226637,51.75382399465889,93.69217600760749,80.3038820013171,,0.00600700150243938,11.525584002811229,1.8567030019767117,3235.4,3235.4,493.5,"macos-ioreg (battery, on-battery only)",37120.0,37120.0,3477.9,nvidia-smi (GPU),6.342500746728771
cathedral,D,False,2,,,,,7.211249998363201,159.0074999985518,151.7962500001886,63.12966099721962,88.66658900296898,78.7813749993802,,0.006946000212337822,8.272392002254492,1.605876001121942,3235.4,3235.4,514.5,"macos-ioreg (battery, on-battery only)",36530.0,36530.0,3239.0,nvidia-smi (GPU),6.342500746728771
cathedral,D,False,3,,,,,6.687249995593447,139.7614999950747,133.07424999948125,61.60034999993513,71.47389999954612,61.62811700050952,,0.009432998922420666,9.046234998095315,0.7901150020188652,3235.4,3235.4,452.2,"macos-ioreg (battery, on-battery only)",36680.0,36680.0,2621.7,nvidia-smi (GPU),6.342500746728771
cathedral,D,False,4,,,,,7.372291998763103,147.89687499433057,140.52458299556747,50.716600999294315,89.80798199627316,78.83169599881512,,0.008874001650838181,10.269028996845009,0.6983829989621881,3235.4,3235.4,478.5,"macos-ioreg (battery, on-battery only)",36310.0,36310.0,3260.9,nvidia-smi (GPU),6.342500746728771
cathedral,D,True,0,,,,,5.231124996498693,98.64929099421715,93.41816599771846,44.95072899226216,48.467437005456304,38.780104001489235,,0.0061110004025977105,8.685321001394186,0.9959010021702852,3235.4,3235.4,319.2,"macos-ioreg (battery, on-battery only)",36250.0,36250.0,1756.9,nvidia-smi (GPU),6.342500746728771
cathedral,D,True,1,,,,,9.141832997556776,183.7239159940509,174.58208299649414,63.87696299498202,110.70512000151211,98.73205600160873,,0.008221999451052397,10.64031300120405,1.3245289992482867,3235.4,3235.4,594.4,"macos-ioreg (battery, on-battery only)",35420.0,35420.0,3921.2,nvidia-smi (GPU),6.342500746728771
cathedral,D,True,2,,,,,6.383666004694533,143.9643750054529,137.58070900075836,58.10802099949797,79.4726880012604,70.86456600154634,,0.005869998858543113,7.346219001192367,1.256032999663148,3235.4,3235.4,465.8,"macos-ioreg (battery, on-battery only)",34930.0,34930.0,2776.0,nvidia-smi (GPU),6.342500746728771
cathedral,D,True,3,,,,,6.188749997818377,106.92349999590078,100.7347499980824,48.114016997715225,52.62073300036718,44.68772699692636,,0.0058110017562285066,7.293299000593834,0.6338960010907613,3235.4,3235.4,345.9,"macos-ioreg (battery, on-battery only)",34880.0,34880.0,1835.4,nvidia-smi (GPU),6.342500746728771
cathedral,D,True,4,,,,,5.624416000500787,113.5956250000163,107.97120899951551,57.557616997655714,50.4135920018598,41.853590999380685,,0.0069070010795257986,7.7145220020611305,0.8385719993384555,3235.4,3235.4,367.5,"macos-ioreg (battery, on-battery only)",34810.0,34810.0,1754.9,nvidia-smi (GPU),6.342500746728771
church,A,False,0,2.053292002528906,89.29054100008216,0.017708000086713582,4.545000003417954,2.272042002005037,98.17858300812077,,,,,,,,,3235.4,3235.4,317.7,"macos-ioreg (battery, on-battery only)",,,,,0.5276326075089436
church,A,False,1,1.8194579970440827,90.94512500450946,0.0197910048882477,4.18595800147159,2.4803749984130263,99.45070700632641,,,,,,,,,3235.4,3235.4,321.8,"macos-ioreg (battery, on-battery only)",,,,,0.5276326075089436
church,A,False,2,4.742665994854178,91.54700000362936,0.01645900192670524,4.806292003195267,1.8760000020847656,102.98841700569028,,,,,,,,,3235.4,3235.4,333.2,"macos-ioreg (battery, on-battery only)",,,,,0.5276326075089436
church,A,False,3,2.5755409951671027,92.08591600327054,0.017458994989283383,4.422209000040311,2.922874999057967,102.0239999925252,,,,,,,,,3235.4,3235.4,330.1,"macos-ioreg (battery, on-battery only)",,,,,0.5276326075089436
church,A,False,4,1.7966669984161854,92.09354199992958,0.02858399966498837,4.110292000405025,1.7647080021561123,99.7937930005719,,,,,,,,,3235.4,3235.4,322.9,"macos-ioreg (battery, on-battery only)",,,,,0.5276326075089436
church,A,True,0,1.7932910050149076,14.047083001059946,0.03658299829112366,3.783208994718734,1.846209001087118,21.50637500017183,,,,,,,,,3235.4,3235.4,69.6,"macos-ioreg (battery, on-battery only)",,,,,0.5276326075089436
church,A,True,1,5.737291998229921,14.038999994227197,0.04499999340623617,3.5150419935234822,1.3764579998678528,24.71279197925469,,,,,,,,,3235.4,3235.4,80.0,"macos-ioreg (battery, on-battery only)",,,,,0.5276326075089436
church,A,True,2,1.3502079964382574,13.172709004720673,0.019333005184307694,3.5327500008861534,1.544499995361548,19.61950000259094,,,,,,,,,3235.4,3235.4,63.5,"macos-ioreg (battery, on-battery only)",,,,,0.5276326075089436
church,A,True,3,5.121458001667634,13.157125002180692,0.024916000256780535,3.9558330026920885,1.4004170006955974,23.659749007492792,,,,,,,,,3235.4,3235.4,76.5,"macos-ioreg (battery, on-battery only)",,,,,0.5276326075089436
church,A,True,4,5.781541003671009,13.087666004139464,0.03837500116787851,3.569708002032712,1.213750001625158,23.691040012636222,,,,,,,,,3235.4,3235.4,76.7,"macos-ioreg (battery, on-battery only)",,,,,0.5276326075089436
church,B,False,0,1.6478329998790286,,0.042708001274149865,5.612875000224449,2.4199580002459697,110.44533200765727,100.72195800603367,40.74110400688369,59.980853999149986,59.980853999149986,,,,,3235.4,3235.4,357.3,"macos-ioreg (battery, on-battery only)",29680.0,29680.0,1780.2,nvidia-smi (GPU),0.5276335721757932
church,B,False,1,1.1348749976605177,,0.04320800508139655,5.885375001525972,2.8943340003024787,112.9370420021587,102.97924999758834,34.2735879967222,68.70566200086614,68.70566200086614,,,,,3235.4,3235.4,365.4,"macos-ioreg (battery, on-battery only)",30270.0,30270.0,2079.7,nvidia-smi (GPU),0.5276335721757932
church,B,False,2,4.570417004288174,,0.03375000233063474,4.996833005861845,2.4387089943047613,102.7165010018507,90.67679199506529,34.58309699271922,56.09369500234607,56.09369500234607,,,,,3235.4,3235.4,332.3,"macos-ioreg (battery, on-battery only)",31370.0,31370.0,1759.7,nvidia-smi (GPU),0.5276335721757932
church,B,False,3,1.366917000268586,,0.05108299956191331,5.594417001702823,2.4612920024082996,113.24870900716633,103.7750000032247,34.062858001561835,69.71214200166287,69.71214200166287,,,,,3235.4,3235.4,366.4,"macos-ioreg (battery, on-battery only)",31970.0,31970.0,2228.7,nvidia-smi (GPU),0.5276335721757932
church,B,False,4,5.489707997185178,,0.035291996027808636,5.093499996291939,2.529333003622014,103.14512399054365,89.99729099741671,38.9965249960369,51.000766001379816,51.000766001379816,,,,,3235.4,3235.4,333.7,"macos-ioreg (battery, on-battery only)",32930.0,32930.0,1679.5,nvidia-smi (GPU),0.5276335721757932
church,B,True,0,1.5462090013897978,,0.03604100493248552,5.317292001564056,2.474374996381812,118.73800100147491,109.36408399720676,37.06015899660997,72.30392500059679,72.30392500059679,,,,,3235.4,3235.4,384.2,"macos-ioreg (battery, on-battery only)",36890.0,36890.0,2667.3,nvidia-smi (GPU),0.5276335721757932
church,B,True,1,1.2346670046099462,,0.07083299715304747,5.968666999251582,3.263874998083338,117.40787499729777,106.86983299819985,35.50797599746147,71.36185700073838,71.36185700073838,,,,,3235.4,3235.4,379.9,"macos-ioreg (battery, on-battery only)",37630.0,37630.0,2685.3,nvidia-smi (GPU),0.5276335721757932
church,B,True,2,2.854083002603147,,0.06150000263005495,5.11683300283039,2.100417004839983,96.98854201269569,86.85570899979211,33.45416099909926,53.401548000692856,53.401548000692856,,,,,3235.4,3235.4,313.8,"macos-ioreg (battery, on-battery only)",37800.0,37800.0,2018.6,nvidia-smi (GPU),0.5276335721757932
church,B,True,3,4.977875003532972,,0.07054099842207506,7.188167001004331,3.831292000540998,140.96900000004098,124.9011249965406,35.33764499661629,89.56347999992431,89.56347999992431,,,,,3235.4,3235.4,456.1,"macos-ioreg (battery, on-battery only)",37410.0,37410.0,3350.6,nvidia-smi (GPU),0.5276335721757932
church,B,True,4,1.2525420024758205,,0.03616699541453272,5.98162499954924,3.4198330031358637,109.83675000170479,99.14658300112933,41.390469999896595,57.756113001232734,57.756113001232734,,,,,3235.4,3235.4,355.4,"macos-ioreg (battery, on-battery only)",37590.0,37590.0,2171.1,nvidia-smi (GPU),0.5276335721757932
church,C,False,0,4.437208001036197,,,,3.308291001303587,126.98699900647625,119.24150000413647,30.09781900618691,89.14368099794956,85.95428199987509,,0.005722999048884958,3.1836759990255814,,3235.4,3235.4,410.9,"macos-ioreg (battery, on-battery only)",37340.0,37340.0,3328.6,nvidia-smi (GPU),0.5276336665770375
church,C,False,1,4.5915419977973215,,,,2.7008329998352565,93.532792001497,86.24041700386442,31.357977004518034,54.88243999934639,51.320686001417926,,0.007017999450908974,3.554735998477554,,3235.4,3235.4,302.6,"macos-ioreg (battery, on-battery only)",37010.0,37010.0,2031.2,nvidia-smi (GPU),0.5276336665770375
church,C,False,2,1.1326249950798228,,,,3.5174169970559888,94.47541699773865,89.82537500560284,38.34152600393281,51.48384900167002,47.33203300202149,,0.006343998393276706,4.145472001255257,,3235.4,3235.4,305.7,"macos-ioreg (battery, on-battery only)",37200.0,37200.0,1915.2,nvidia-smi (GPU),0.5276336665770375
church,C,False,3,4.446208004083019,,,,2.8888750020996667,92.25541700288886,84.92033399670618,36.43353799634497,48.48679600036121,45.383458000287646,,0.006598998879780993,3.0967390011937823,,3235.4,3235.4,298.5,"macos-ioreg (battery, on-battery only)",36920.0,36920.0,1790.1,nvidia-smi (GPU),0.5276336665770375
church,C,False,4,4.095834003237542,,,,3.1555419991491362,110.53683500358602,103.28545900119934,31.019338999612955,72.26612000158639,64.95993199860095,,0.01068000347004272,7.295507999515394,,3235.4,3235.4,357.6,"macos-ioreg (battery, on-battery only)",37140.0,37140.0,2684.0,nvidia-smi (GPU),0.5276336665770375
church,C,True,0,5.441374996735249,,,,2.829041004588362,105.05229100090219,96.78187499957858,36.38113200213411,60.40074299744447,53.370142999483505,,0.008656999852973968,7.021942998107988,,3235.4,3235.4,339.9,"macos-ioreg (battery, on-battery only)",35780.0,35780.0,2161.1,nvidia-smi (GPU),0.5276336665770375
church,C,True,1,3.871125001751352,,,,3.3433750068070367,118.33400000614347,111.11949999758508,41.919996994693065,69.19950300289202,65.12373000077787,,0.0058680016081780195,4.069905000505969,,3235.4,3235.4,382.9,"macos-ioreg (battery, on-battery only)",36430.0,36430.0,2520.9,nvidia-smi (GPU),0.5276336665770375
church,C,True,2,1.2058749998686835,,,,3.0690830026287585,105.30962500342866,101.03466700093122,34.86280700235511,66.17185999857611,62.09386699993047,,0.007091999577824026,4.070900999067817,,3235.4,3235.4,340.7,"macos-ioreg (battery, on-battery only)",36710.0,36710.0,2429.2,nvidia-smi (GPU),0.5276336665770375
church,C,True,3,4.1327920043841,,,,3.0046659958316013,105.11674900044454,97.97929100022884,31.484841998462798,66.49444900176604,62.52963600127259,,0.01115899794967845,3.9536540025437716,,3235.4,3235.4,340.1,"macos-ioreg (battery, on-battery only)",36320.0,36320.0,2415.1,nvidia-smi (GPU),0.5276336665770375
church,C,True,4,4.1080420051002875,,,,2.830375000485219,99.52666700701229,92.58825000142679,36.9514909980353,55.63675900339149,52.57813600110239,,0.006513000698760152,3.0521100015903357,,3235.4,3235.4,322.0,"macos-ioreg (battery, on-battery only)",36600.0,36600.0,2036.3,nvidia-smi (GPU),0.5276336665770375
church,D,False,0,,,,,2.5212919936166145,81.10716699593468,78.58587500231806,32.84221299691126,45.743662005406804,40.91162000258919,,0.008365001122001559,4.213952001009602,0.6097250006860122,3235.4,3235.4,262.4,"macos-ioreg (battery, on-battery only)",37500.0,37500.0,1715.4,nvidia-smi (GPU),0.5276336665770375
church,D,False,1,,,,,3.208249996532686,106.11004100064747,102.90179100411478,33.81943400017917,69.08235700393561,63.218007002433296,,0.009122999472310767,3.1770010027685203,2.6782259992614854,3235.4,3235.4,343.3,"macos-ioreg (battery, on-battery only)",38050.0,38050.0,2628.6,nvidia-smi (GPU),0.5276336665770375
church,D,False,2,,,,,3.8013330049579963,106.13187400304014,102.33054099808214,39.243416002136655,63.08712499594549,58.62867099858704,,0.009781997505342588,3.4609499998623505,0.9877219999907538,3235.4,3235.4,343.4,"macos-ioreg (battery, on-battery only)",37410.0,37410.0,2360.1,nvidia-smi (GPU),0.5276336665770375
church,D,False,3,,,,,2.881749998778105,96.8412910006009,93.9595410018228,44.66587800561683,49.29366299620597,44.57245799858356,,0.007431997801177204,3.934274001949234,0.7794989978719968,3235.4,3235.4,313.3,"macos-ioreg (battery, on-battery only)",37730.0,37730.0,1859.8,nvidia-smi (GPU),0.5276336665770375
church,D,False,4,,,,,2.9884999967180192,93.09016699262429,90.10166699590627,29.89355500176316,60.20811199414311,56.255382998642744,,0.006204998499015346,3.2973469969874714,0.6491770000138786,3235.4,3235.4,301.2,"macos-ioreg (battery, on-battery only)",37790.0,37790.0,2275.3,nvidia-smi (GPU),0.5276336665770375
church,D,True,0,,,,,3.575249997084029,124.3040419940371,120.72879199695308,38.79177199632977,81.9370200006233,76.81178100028774,,0.00640600046608597,3.7010560008639004,1.4177769990055822,3235.4,3235.4,402.2,"macos-ioreg (battery, on-battery only)",37190.0,37190.0,3047.2,nvidia-smi (GPU),0.5276336665770375
church,D,True,1,,,,,3.268792002927512,109.49654199794168,106.22774999501416,34.53280899702804,71.69494099798612,64.1111289987748,,0.014686000213259831,5.449702999612782,2.1194229993852787,3235.4,3235.4,354.3,"macos-ioreg (battery, on-battery only)",37380.0,37380.0,2680.0,nvidia-smi (GPU),0.5276336665770375
church,D,True,2,,,,,3.537750002578832,132.35720800730633,128.8194580047275,38.42807600449305,90.39138200023444,84.9421720013197,,0.005728001269744709,3.254268998716725,2.1892129989282694,3235.4,3235.4,428.2,"macos-ioreg (battery, on-battery only)",37110.0,37110.0,3354.4,nvidia-smi (GPU),0.5276336665770375
church,D,True,3,,,,,3.5700410007848404,119.34624899731716,115.77620799653232,44.093766999139916,71.6824409973924,64.540893999947,,0.00768699828768149,5.904183999518864,1.2296759996388573,3235.4,3235.4,386.1,"macos-ioreg (battery, on-battery only)",36590.0,36590.0,2622.9,nvidia-smi (GPU),0.5276336665770375
church,D,True,4,,,,,2.959833997010719,97.13795899733668,94.17812500032596,35.50142499807407,58.67670000225189,51.86516500180005,,0.007684000593144447,3.509465001116041,3.294385998742655,3235.4,3235.4,314.3,"macos-ioreg (battery, on-battery only)",36740.0,36740.0,2155.8,nvidia-smi (GPU),0.5276336665770375
hotel,A,False,0,5.3088749991729856,92.30245799699333,0.03275000199209899,3.3637080050539225,2.2070410050218925,103.21483200823423,,,,,,,,,3235.4,3235.4,333.9,"macos-ioreg (battery, on-battery only)",,,,,0.22887589917177292
hotel,A,False,1,1.233124996360857,92.0140000016545,0.019166000129189342,3.151500000967644,1.8500830046832561,98.26787400379544,,,,,,,,,3235.4,3235.4,317.9,"macos-ioreg (battery, on-battery only)",,,,,0.22887589917177292
hotel,A,False,2,9.584208004525863,93.47183399950154,0.021375002688728273,3.830333000223618,2.0305829966673627,108.93833300360711,,,,,,,,,3235.4,3235.4,352.5,"macos-ioreg (battery, on-battery only)",,,,,0.22887589917177292
hotel,A,False,3,1.1768749973271042,92.02974999789149,0.02712499554036185,3.409832999750506,2.1207090030657127,98.76429199357517,,,,,,,,,3235.4,3235.4,319.5,"macos-ioreg (battery, on-battery only)",,,,,0.22887589917177292
hotel,A,False,4,2.45445899781771,92.33995899558067,0.02575000689830631,3.412624995689839,1.7563749934197403,99.98916798940627,,,,,,,,,3235.4,3235.4,323.5,"macos-ioreg (battery, on-battery only)",,,,,0.22887589917177292
hotel,A,True,0,5.148625001311302,12.335499995970167,0.03070800448767841,2.988083004311193,1.4497919983114116,21.952708004391752,,,,,,,,,3235.4,3235.4,71.0,"macos-ioreg (battery, on-battery only)",,,,,0.22887589917177292
hotel,A,True,1,1.710165997792501,12.96724999701837,0.03529099922161549,3.2748750018072315,1.3776250052615069,19.365207001101226,,,,,,,,,3235.4,3235.4,62.7,"macos-ioreg (battery, on-battery only)",,,,,0.22887589917177292
hotel,A,True,2,1.294207999308128,13.484999995853286,0.031916002626530826,3.0005829976289533,1.8671670040930621,19.67887399950996,,,,,,,,,3235.4,3235.4,63.7,"macos-ioreg (battery, on-battery only)",,,,,0.22887589917177292
hotel,A,True,3,1.203833002364263,13.01854200573871,0.04316600097808987,3.0468749973806553,1.1933330024476163,18.505749008909333,,,,,,,,,3235.4,3235.4,59.9,"macos-ioreg (battery, on-battery only)",,,,,0.22887589917177292
hotel,A,True,4,5.714708000596147,12.39858299959451,0.01970900484593585,3.275291994214058,1.3535830003092997,22.76187499955995,,,,,,,,,3235.4,3235.4,73.6,"macos-ioreg (battery, on-battery only)",,,,,0.22887589917177292
hotel,B,False,0,5.055916000856087,,0.06729199958499521,5.03516699973261,2.7304999966872856,132.91424999624724,120.02537499938626,38.534734998393105,81.49064000099315,81.49064000099315,,,,,3235.4,3235.4,430.0,"macos-ioreg (battery, on-battery only)",32700.0,32700.0,2664.7,nvidia-smi (GPU),0.2289261832683424
hotel,B,False,1,4.849582997849211,,0.04641600389732048,4.634625001926906,2.7095840050606057,115.04445801256225,102.8042500038282,46.00621000281535,56.79804000101285,56.79804000101285,,,,,3235.4,3235.4,372.2,"macos-ioreg (battery, on-battery only)",33240.0,33240.0,1888.0,nvidia-smi (GPU),0.2289261832683424
hotel,B,False,2,4.559208995488007,,0.04041699867229909,4.604667003150098,2.7027909964090213,114.06391699711094,102.15683300339151,35.05667700301274,67.10015600037877,67.10015600037877,,,,,3235.4,3235.4,369.0,"macos-ioreg (battery, on-battery only)",33850.0,33850.0,2271.3,nvidia-smi (GPU),0.2289261832683424
hotel,B,False,3,1.1626670020632446,,0.03825000021606684,3.9886660015326925,2.3927500005811453,94.24691599997459,86.66458299558144,30.69174799747998,55.97283499810146,55.97283499810146,,,,,3235.4,3235.4,304.9,"macos-ioreg (battery, on-battery only)",34910.0,34910.0,1954.0,nvidia-smi (GPU),0.2289261832683424
hotel,B,False,4,4.834874998778105,,0.05250000685919076,4.4061659937142394,2.675250005268026,116.58354100654833,104.61475000192877,38.77415100214421,65.84059899978456,65.84059899978456,,,,,3235.4,3235.4,377.2,"macos-ioreg (battery, on-battery only)",35320.0,35320.0,2325.5,nvidia-smi (GPU),0.2289261832683424
hotel,B,True,0,2.597208003862761,,0.051832997996825725,4.619833001925144,2.6833329975488596,108.70849900675239,98.7562920054188,42.61703400334227,56.13925800207653,56.13925800207653,,,,,3235.4,3235.4,351.7,"macos-ioreg (battery, on-battery only)",35440.0,35440.0,1989.6,nvidia-smi (GPU),0.2289261832683424
hotel,B,True,1,2.5709170004120097,,0.05795799370389432,5.369790997065138,3.2847920010681264,136.38329198875,125.09983399650082,40.50515799826826,84.59467599823256,84.59467599823256,,,,,3235.4,3235.4,441.3,"macos-ioreg (battery, on-battery only)",35850.0,35850.0,3032.7,nvidia-smi (GPU),0.2289261832683424
hotel,B,True,2,4.960167003446259,,0.03550000110408291,4.206790996249765,2.626083994982764,121.74770899582654,109.91916700004367,36.14500600087922,73.77416099916445,73.77416099916445,,,,,3235.4,3235.4,393.9,"macos-ioreg (battery, on-battery only)",35610.0,35610.0,2627.1,nvidia-smi (GPU),0.2289261832683424
hotel,B,True,3,5.002957994292956,,0.03866699989885092,4.091208000318147,2.500374997907784,112.7766659919871,101.14345799956936,39.02855799969984,62.11489999986952,62.11489999986952,,,,,3235.4,3235.4,364.9,"macos-ioreg (battery, on-battery only)",35670.0,35670.0,2215.6,nvidia-smi (GPU),0.2289261832683424
hotel,B,True,4,4.540041998552624,,0.034540993510745466,3.9208340022014454,2.370417001657188,98.16200099157868,87.29616699565668,40.204920995165594,47.09124600049108,47.09124600049108,,,,,10773.4,10773.4,1057.5,"macos-ioreg (battery, on-battery only)",35590.0,35590.0,1676.0,nvidia-smi (GPU),0.2289261832683424
hotel,C,False,0,4.703665996203199,,,,3.470499999821186,102.78049899352482,94.60633299750043,34.61797599811689,59.98835699938354,56.8846919995849,,0.006709000444971025,3.0969559993536677,,10773.4,10773.4,1107.3,"macos-ioreg (battery, on-battery only)",36480.0,36480.0,2188.4,nvidia-smi (GPU),0.22892618368150558
hotel,C,False,1,4.713374997663777,,,,3.420291999645997,122.71074999443954,114.57708299712976,33.34493099828251,81.23215199884726,78.73858099992503,,0.006378999387379736,2.4871919995348435,,10773.4,10773.4,1322.0,"macos-ioreg (battery, on-battery only)",36760.0,36760.0,2986.1,nvidia-smi (GPU),0.22892618368150558
hotel,C,False,2,4.92666699574329,,,,4.296125000109896,122.33779199596029,113.1150000001071,39.93219200128806,73.18280799881904,70.11921099910978,,0.006571997801074758,3.057025001908187,,10773.4,10773.4,1318.0,"macos-ioreg (battery, on-battery only)",36650.0,36650.0,2682.1,nvidia-smi (GPU),0.22892618368150558
hotel,C,False,3,1.2634579979931004,,,,3.2127500016940758,110.35466699831886,105.87845899863169,37.73299299791688,68.1454660007148,65.60702900242177,,0.006905000191181898,2.5315319981018547,,10773.4,10773.4,1188.9,"macos-ioreg (battery, on-battery only)",36830.0,36830.0,2509.8,nvidia-smi (GPU),0.22892618368150558
hotel,C,False,4,4.816792003111914,,,,3.5462919986457564,129.91362599859713,121.55054199683946,38.19964799913578,83.35089399770368,79.31843899859814,,0.009326999133918434,4.023127999971621,,10773.4,10773.4,1399.6,"macos-ioreg (battery, on-battery only)",36770.0,36770.0,3064.8,nvidia-smi (GPU),0.22892618368150558
hotel,C,True,0,4.585375005262904,,,,3.8226249962463044,114.84154199570185,106.43354199419264,35.597581994807115,70.83595999938552,67.65197699860437,,0.00711599932401441,3.17686700145714,,10773.4,10773.4,1237.2,"macos-ioreg (battery, on-battery only)",36390.0,36390.0,2577.7,nvidia-smi (GPU),0.22892618368150558
hotel,C,True,1,4.808374993444886,,,,3.320499999972526,109.10479099402437,100.97591600060696,36.507187000097474,64.46872900050948,61.87637399852974,,0.006255002517718822,2.5860999994620215,,10773.4,10773.4,1175.4,"macos-ioreg (battery, on-battery only)",36300.0,36300.0,2340.2,nvidia-smi (GPU),0.22892618368150558
hotel,C,True,2,4.5195000056992285,,,,2.9552089981734753,94.16204200533684,86.68733300146414,37.30039100264548,49.386941998818656,46.11496099823853,,0.006320002285065129,3.2656609982950613,,10773.4,10773.4,1014.4,"macos-ioreg (battery, on-battery only)",36230.0,36230.0,1789.3,nvidia-smi (GPU),0.22892618368150558
hotel,C,True,3,4.434707996551879,,,,2.6765410002553836,95.39024899277138,88.27899999596411,31.464241998037323,56.81475799792679,53.77253299957374,,0.006962000043131411,3.0352629983099177,,10773.4,10773.4,1027.7,"macos-ioreg (battery, on-battery only)",36730.0,36730.0,2086.8,nvidia-smi (GPU),0.22892618368150558
hotel,C,True,4,1.156291997176595,,,,2.5566659969626926,80.35083299182588,76.6378749976866,30.84605199546786,45.791823002218734,42.835968000872526,,0.0076169999374542385,2.948238001408754,,10773.4,10773.4,865.7,"macos-ioreg (battery, on-battery only)",36040.0,36040.0,1650.3,nvidia-smi (GPU),0.22892618368150558
hotel,D,False,0,,,,,3.6670420013251714,120.71754199860152,117.05049999727635,46.304931995109655,70.74556800216669,65.949872998317,,0.006619000487262383,2.520982001442462,2.2680940019199625,10773.4,10773.4,1300.5,"macos-ioreg (battery, on-battery only)",36400.0,36400.0,2575.1,nvidia-smi (GPU),0.22892618368150558
hotel,D,False,1,,,,,3.5992080011055805,123.12625000049593,119.52704199939035,38.47233299529762,81.05470900409273,75.07548200010206,,0.006294001650530845,2.7419760008342564,3.2309570015058853,10773.4,10773.4,1326.5,"macos-ioreg (battery, on-battery only)",36420.0,36420.0,2952.0,nvidia-smi (GPU),0.22892618368150558
hotel,D,False,2,,,,,3.1808750063646585,117.19108400575351,114.01020899938885,38.77261200250359,75.23759699688526,69.64774899824988,,0.006271999154705554,2.5477710005361587,3.0358049989445135,10773.4,10773.4,1262.5,"macos-ioreg (battery, on-battery only)",36470.0,36470.0,2743.9,nvidia-smi (GPU),0.22892618368150558
hotel,D,False,3,,,,,3.877041002851911,137.75099900522036,133.87395800236845,39.82443800123292,94.04952000113553,89.20967000085511,,0.007361999450949952,2.8763139998773113,1.95617400095216,10773.4,10773.4,1484.0,"macos-ioreg (battery, on-battery only)",35940.0,35940.0,3380.1,nvidia-smi (GPU),0.22892618368150558
hotel,D,False,4,,,,,2.993041998706758,95.09637500013923,92.10333300143247,37.8324040066218,54.270928994810674,50.10724999738159,,0.0057919969549402595,2.4525299995730165,1.705357000901131,10773.4,10773.4,1024.5,"macos-ioreg (battery, on-battery only)",36280.0,36280.0,1968.9,nvidia-smi (GPU),0.22892618368150558
hotel,D,True,0,,,,,5.879874996026047,178.0779580003582,172.19808300433215,51.852596006938256,120.34548699739389,115.4753279988654,,0.006424997991416603,2.803387000312796,2.060347000224283,10773.4,10773.4,1918.5,"macos-ioreg (battery, on-battery only)",35560.0,35560.0,4279.5,nvidia-smi (GPU),0.22892618368150558
hotel,D,True,1,,,,,2.995625000039581,103.47579199878965,100.48016699875006,39.23843499796931,61.24173200078076,56.091514001309406,,0.009701001545181498,4.04003699804889,1.1004799998772796,10773.4,10773.4,1114.8,"macos-ioreg (battery, on-battery only)",35070.0,35070.0,2147.7,nvidia-smi (GPU),0.22892618368150558
hotel,D,True,2,,,,,3.3243340003537014,110.68683399935253,107.36249999899883,40.14176400232827,67.22073599667056,62.77955599944107,,0.007517999620176852,2.8021420002914965,1.6315199973178096,10773.4,10773.4,1192.5,"macos-ioreg (battery, on-battery only)",35020.0,35020.0,2354.1,nvidia-smi (GPU),0.22892618368150558
hotel,D,True,3,,,,,3.8386250016628765,113.97412500082282,110.13549999915995,37.90917899823398,72.22632100092596,66.27754000146524,,0.0093019989435561,5.178479001187952,0.7609999993292149,10773.4,10773.4,1227.9,"macos-ioreg (battery, on-battery only)",34990.0,34990.0,2527.2,nvidia-smi (GPU),0.22892618368150558
hotel,D,True,4,,,,,3.407165997487027,122.90091599425068,119.49374999676365,41.71689299255377,77.77685700420989,73.84331200228189,,0.005903999408474192,2.4713950006116647,1.4562460019078571,10773.4,10773.4,1324.1,"macos-ioreg (battery, on-battery only)",34840.0,34840.0,2709.7,nvidia-smi (GPU),0.22892618368150558
modernroom,A,False,0,12.656083003093954,97.9501670008176,0.013208002201281488,3.0262079962994903,1.3739169953623787,115.0195829977747,,,,,,,,,10773.4,10773.4,1239.2,"macos-ioreg (battery, on-battery only)",,,,,0.4765369496765797
modernroom,A,False,1,13.061040997854434,96.09287499915808,0.01883300137706101,3.061290997720789,1.5220829955069348,113.7561229916173,,,,,,,,,10773.4,10773.4,1225.5,"macos-ioreg (battery, on-battery only)",,,,,0.4765369496765797
modernroom,A,False,2,16.497125005116686,88.22075000352925,0.018540995370130986,3.4285410001757555,2.0054170017829165,110.17037400597474,,,,,,,,,10773.4,10773.4,1186.9,"macos-ioreg (battery, on-battery only)",,,,,0.4765369496765797
modernroom,A,False,3,12.531041000329424,96.08808300254168,0.019166000129189342,2.966959000332281,1.5831670025363564,113.18841600586893,,,,,,,,,10773.4,10773.4,1219.4,"macos-ioreg (battery, on-battery only)",,,,,0.4765369496765797
modernroom,A,False,4,19.79258299979847,100.86629099532729,0.013500000932253897,3.3023340001818724,1.5508750002481975,125.52558299648808,,,,,,,,,10773.4,10773.4,1352.3,"macos-ioreg (battery, on-battery only)",,,,,0.4765369496765797
modernroom,A,True,0,16.271249995043036,13.47616600105539,0.021749998268205673,3.634334003436379,2.1308329960447736,35.534332993847784,,,,,,,,,10773.4,10773.4,382.8,"macos-ioreg (battery, on-battery only)",,,,,0.4765369496765797
modernroom,A,True,1,12.767291998898145,24.483625005814247,0.06345900328597054,3.3794999981182627,1.8312500033061951,42.52512600942282,,,,,,,,,10773.4,10773.4,458.1,"macos-ioreg (battery, on-battery only)",,,,,0.4765369496765797
modernroom,A,True,2,15.662833000533283,12.6929999969434,0.04474999877857044,3.531207999913022,1.786041997547727,33.717832993716,,,,,,,,,10773.4,10773.4,363.3,"macos-ioreg (battery, on-battery only)",,,,,0.4765369496765797
modernroom,A,True,3,14.522124998620711,26.97795900166966,0.07879100303398445,3.8251669975579716,1.835957998991944,47.23999999987427,,,,,,,,,10773.4,10773.4,508.9,"macos-ioreg (battery, on-battery only)",,,,,0.4765369496765797
modernroom,A,True,4,12.217417002830189,23.891541997727472,0.0364580046152696,3.6616249999497086,1.9108329943264835,41.71787499944912,,,,,,,,,10773.4,10773.4,449.4,"macos-ioreg (battery, on-battery only)",,,,,0.4765369496765797
modernroom,B,False,0,15.539624997472856,,0.024583001504652202,4.236249995301478,1.940208996529691,127.31837599130813,105.57770900049945,50.7545470027253,54.82316199777415,54.82316199777415,,,,,10773.4,10773.4,1371.7,"macos-ioreg (battery, on-battery only)",29490.0,29490.0,1616.7,nvidia-smi (GPU),0.47647150938620253
modernroom,B,False,1,14.303750002000015,,0.024708999262657017,4.1674160020193085,2.0979580003768206,109.67800000798889,89.08416700433008,34.44690100150183,54.637266002828255,54.637266002828255,,,,,10773.4,10773.4,1181.6,"macos-ioreg (battery, on-battery only)",30240.0,30240.0,1652.2,nvidia-smi (GPU),0.47647150938620253
modernroom,B,False,2,14.432500000111759,,0.027249996492173523,4.247207994922064,2.224040996225085,101.07387398602441,80.14287499827333,28.37309000096866,51.76978499730467,51.76978499730467,,,,,10773.4,10773.4,1088.9,"macos-ioreg (battery, on-battery only)",31140.0,31140.0,1612.1,nvidia-smi (GPU),0.47647150938620253
modernroom,B,False,3,15.969292006047908,,0.02316699828952551,4.281250003259629,2.0637080015148968,128.78641700808657,106.44899999897461,36.03729399765143,70.41170600132318,70.41170600132318,,,,,10773.4,10773.4,1387.5,"macos-ioreg (battery, on-battery only)",31770.0,31770.0,2237.0,nvidia-smi (GPU),0.47647150938620253
modernroom,B,False,4,15.276208003342617,,0.024625005607958883,4.496832996665034,2.4341249954886734,125.4941239967593,103.26233299565502,34.308143993257545,68.95418900239747,68.95418900239747,,,,,10773.4,10773.4,1352.0,"macos-ioreg (battery, on-battery only)",33870.0,33870.0,2335.5,nvidia-smi (GPU),0.47647150938620253
modernroom,B,True,0,18.448875001922715,,0.026665999030228704,4.18970800092211,2.1780419992865063,132.82566599809797,107.98237499693641,33.3821709973563,74.60020399958012,74.60020399958012,,,,,10773.4,10773.4,1431.0,"macos-ioreg (battery, on-battery only)",36790.0,36790.0,2744.5,nvidia-smi (GPU),0.47647150938620253
modernroom,B,True,1,14.969916999689303,,0.0232499951380305,4.320374995586462,2.218583002104424,137.39820799673907,115.86608300422085,32.11750800619484,83.74857499802602,83.74857499802602,,,,,10773.4,10773.4,1480.2,"macos-ioreg (battery, on-battery only)",36530.0,36530.0,3059.3,nvidia-smi (GPU),0.47647150938620253
modernroom,B,True,2,15.809625001566019,,0.025250003091059625,4.025333000754472,1.8734170007519424,126.24570900516119,104.5120839989977,32.298447000357555,72.21363699864014,72.21363699864014,,,,,10773.4,10773.4,1360.1,"macos-ioreg (battery, on-battery only)",36680.0,36680.0,2648.8,nvidia-smi (GPU),0.47647150938620253
modernroom,B,True,3,15.63345899921842,,0.024042004952207208,4.464999998162966,2.568666997831315,113.07208500511479,90.38091700494988,35.76719000557205,54.61372699937783,54.61372699937783,,,,,10773.4,10773.4,1218.2,"macos-ioreg (battery, on-battery only)",36440.0,36440.0,1990.1,nvidia-smi (GPU),0.47647150938620253
modernroom,B,True,4,16.024666001612786,,0.021750005544163287,5.380458002036903,2.1881660068174824,130.0680400163401,106.45300000032876,32.21109299920499,74.24190700112376,74.24190700112376,,,,,10773.4,10773.4,1401.3,"macos-ioreg (battery, on-battery only)",36710.0,36710.0,2725.4,nvidia-smi (GPU),0.47647150938620253
modernroom,C,False,0,16.78662500489736,,,,2.869834002922289,122.44325000938261,102.78679100156296,31.796779003343545,70.99001199821942,66.34034699891345,,0.00814200029708445,4.641522999008885,,10773.4,10773.4,1319.1,"macos-ioreg (battery, on-battery only)",36410.0,36410.0,2584.7,nvidia-smi (GPU),0.476471729901645
modernroom,C,False,1,19.445582998741884,,,,2.826834002917167,123.81458299933001,101.54216599767096,34.7086540023156,66.83351199535537,63.819407998380484,,0.006619997293455526,3.007483999681426,,10773.4,10773.4,1333.9,"macos-ioreg (battery, on-battery only)",36430.0,36430.0,2434.7,nvidia-smi (GPU),0.476471729901645
modernroom,C,False,2,17.628125002374873,,,,2.36229199799709,110.56675000145333,90.57633300108137,44.66415000206325,45.912182999018114,42.65218400178128,,0.006672999006696045,3.253325998230139,,10773.4,10773.4,1191.2,"macos-ioreg (battery, on-battery only)",36210.0,36210.0,1662.5,nvidia-smi (GPU),0.476471729901645
modernroom,C,False,3,19.251458994403947,,,,2.118042000802234,106.85783399821958,85.4883330030134,34.74495000773459,50.74338299527881,47.27009799898951,,0.006986996595514938,3.4662979996937793,,10773.4,10773.4,1151.2,"macos-ioreg (battery, on-battery only)",36050.0,36050.0,1829.3,nvidia-smi (GPU),0.476471729901645
modernroom,C,False,4,16.94908300123643,,,,2.3653749958612025,114.16924899822334,94.8547910011257,27.39386400207877,67.46092699904693,64.34656100100256,,0.006736998329870403,3.107628999714507,,10773.4,10773.4,1230.0,"macos-ioreg (battery, on-battery only)",36350.0,36350.0,2452.2,nvidia-smi (GPU),0.476471729901645
modernroom,C,True,0,15.807792005944066,,,,2.45583299692953,144.9006670009112,126.6370419980376,37.31333699761308,89.32370500042452,86.26259499942535,,0.006826998287579045,3.0542830027115997,,10773.4,10773.4,1561.1,"macos-ioreg (battery, on-battery only)",36200.0,36200.0,3233.5,nvidia-smi (GPU),0.476471729901645
modernroom,C,True,1,16.325958000379615,,,,2.241459005745128,118.43933301133802,99.87191600521328,34.74184100559796,65.13007499961532,61.52192800072953,,0.006233000021893531,3.6019139988638926,,10773.4,10773.4,1276.0,"macos-ioreg (battery, on-battery only)",35690.0,35690.0,2324.5,nvidia-smi (GPU),0.476471729901645
modernroom,C,True,2,15.464999996765982,,,,2.2390419981093146,109.27475099742878,91.57070900255349,30.926054994779406,60.64465400777408,56.937421002658084,,0.006558002496603876,3.7006750026193913,,10773.4,10773.4,1177.3,"macos-ioreg (battery, on-battery only)",36020.0,36020.0,2184.4,nvidia-smi (GPU),0.476471729901645
modernroom,C,True,3,16.496707998157945,,,,2.4722500020288862,132.73674999800278,113.76779199781595,35.59257100278046,78.17522099503549,74.81182599804015,,0.006259997462620959,3.357134999532718,,10773.4,10773.4,1430.0,"macos-ioreg (battery, on-battery only)",36180.0,36180.0,2828.4,nvidia-smi (GPU),0.476471729901645
modernroom,C,True,4,16.128124996612314,,,,3.2732079998822883,113.35166699427646,93.95033399778185,37.830405995919136,56.11992800186272,53.03140300020459,,0.0062540020735468715,3.08227099958458,,10773.4,10773.4,1221.2,"macos-ioreg (battery, on-battery only)",35760.0,35760.0,2006.8,nvidia-smi (GPU),0.476471729901645
modernroom,D,False,0,,,,,4.680334001022857,144.5498340035556,139.86950000253273,56.42339300175081,83.44610700078192,59.38422599865589,,0.006918002327438444,3.5588680002547335,20.496094999543857,10773.4,10773.4,1557.3,"macos-ioreg (battery, on-battery only)",35710.0,35710.0,2979.9,nvidia-smi (GPU),0.476471729901645
modernroom,D,False,1,,,,,3.16874999407446,122.11862498952542,118.94987499545095,55.89656499796547,63.053309997485485,50.66265600180486,,0.006952999683562666,3.468972998234676,8.914727997762384,10773.4,10773.4,1315.6,"macos-ioreg (battery, on-battery only)",34930.0,34930.0,2202.5,nvidia-smi (GPU),0.476471729901645
modernroom,D,False,2,,,,,3.9899160037748516,139.61404100700747,135.62412500323262,49.82611400191672,85.7980110013159,63.79456099966774,,0.0063160005083773285,3.1867920006334316,18.810342000506353,10773.4,10773.4,1504.1,"macos-ioreg (battery, on-battery only)",35590.0,35590.0,3053.6,nvidia-smi (GPU),0.476471729901645
modernroom,D,False,3,,,,,3.2618749974062666,130.46512499568053,127.20324999827426,39.454009995097294,87.74924000317696,72.60018300075899,,0.006928999937372282,2.8657379989454057,12.276390003535198,10773.4,10773.4,1405.6,"macos-ioreg (battery, on-battery only)",35060.0,35060.0,3076.5,nvidia-smi (GPU),0.476471729901645
modernroom,D,False,4,,,,,3.7003749966970645,146.0295419965405,142.32916699984344,48.61807600536849,93.71109099447494,62.921626999013824,,0.005906997103011236,3.4222449976368807,27.361312000721227,10773.4,10773.4,1573.2,"macos-ioreg (battery, on-battery only)",35200.0,35200.0,3298.6,nvidia-smi (GPU),0.476471729901645
modernroom,D,True,0,,,,,3.1809580032131635,119.78287500096485,116.60191699775169,48.41991499779397,68.18200199995772,48.86557799909497,,0.006070000381441787,3.404770999622997,15.905583000858314,10773.4,10773.4,1290.5,"macos-ioreg (battery, on-battery only)",33900.0,33900.0,2311.4,nvidia-smi (GPU),0.476471729901645
modernroom,D,True,1,,,,,3.997916996013373,149.5037919958122,145.50587499979883,44.100881001213565,101.40499399858527,72.23433599938289,,0.00598900078330189,3.330640000058338,25.834028998360736,10773.4,10773.4,1610.7,"macos-ioreg (battery, on-battery only)",34430.0,34430.0,3491.4,nvidia-smi (GPU),0.476471729901645
modernroom,D,True,2,,,,,4.276166997442488,142.68324999284232,138.40708299539983,51.94652999489335,86.46055300050648,58.35968799874536,,0.008230999810621142,3.330218001792673,24.762416000157828,10773.4,10773.4,1537.2,"macos-ioreg (battery, on-battery only)",34080.0,34080.0,2946.6,nvidia-smi (GPU),0.476471729901645
modernroom,D,True,3,,,,,3.4558749975985847,134.05162499839207,130.5957500007935,38.40755399869522,92.18819600209827,54.886251000425545,,0.006792000931454822,3.448390998528339,33.84676200221293,10773.4,10773.4,1444.2,"macos-ioreg (battery, on-battery only)",33920.0,33920.0,3127.0,nvidia-smi (GPU),0.476471729901645
modernroom,D,True,4,,,,,3.579707998142112,128.0654579968541,124.48574999871198,50.353667997114826,74.13208200159715,51.400317999650724,,0.006219001079443842,3.2275249977828935,19.498020003084093,10773.4,10773.4,1379.7,"macos-ioreg (battery, on-battery only)",34350.0,34350.0,2546.4,nvidia-smi (GPU),0.476471729901645
